trip_id,vehicle_id,route_id,start_station_id,end_station_id,time_id,departure_time,arrival_time,distance_covered,passengers_count,delay_minutes
TR001,V212,R467,S084,S317,T040,2023-10-01 11:22:00,2023-10-01 14:50:00,90.03,27,10
TR002,V211,R237,S156,S461,T260,2023-10-01 09:20:00,2023-10-01 17:44:00,187.38,93,30
TR003,V181,R146,S250,S287,T228,2023-10-01 11:06:00,2023-10-01 14:42:00,22.26,90,15
TR004,V181,R068,S148,S437,T058,2023-10-01 09:02:00,2023-10-01 13:26:00,81.31,68,15
TR005,V425,R431,S034,S071,T262,2023-10-01 10:38:00,2023-10-01 17:00:00,82.35,178,20
TR006,V278,R496,S410,S411,T040,2023-10-01 10:06:00,2023-10-01 15:07:00,99.99,63,20
TR007,V219,R207,S151,S035,T122,2023-10-01 08:31:00,2023-10-01 16:24:00,103.15,61,0
TR008,V268,R019,S008,S225,T105,2023-10-01 06:49:00,2023-10-01 12:07:00,153.66,87,15
TR009,V499,R459,S233,S219,T167,2023-10-01 07:52:00,2023-10-01 17:40:00,57.91,51,30
TR010,V392,R274,S021,S321,T293,2023-10-01 06:57:00,2023-10-01 15:26:00,145.59,118,30
TR011,V172,R471,S112,S193,T191,2023-10-01 08:27:00,2023-10-01 15:33:00,141.14,79,15
TR012,V059,R271,S145,S448,T425,2023-10-01 09:34:00,2023-10-01 17:41:00,66.02,69,30
TR013,V475,R021,S423,S037,T422,2023-10-01 09:48:00,2023-10-01 17:42:00,25.81,65,0
TR014,V091,R173,S304,S292,T349,2023-10-01 08:46:00,2023-10-01 12:31:00,173.41,100,5
TR015,V235,R331,S064,S041,T213,2023-10-01 08:06:00,2023-10-01 12:33:00,194.19,16,20
TR016,V220,R009,S028,S066,T037,2023-10-01 11:39:00,2023-10-01 13:38:00,133.65,45,5
TR017,V192,R036,S251,S401,T329,2023-10-01 09:37:00,2023-10-01 16:16:00,121.04,122,0
TR018,V091,R241,S157,S265,T219,2023-10-01 06:59:00,2023-10-01 13:15:00,82.15,41,30
TR019,V284,R049,S003,S153,T449,2023-10-01 07:30:00,2023-10-01 14:16:00,57.36,106,10
TR020,V305,R425,S221,S052,T145,2023-10-01 09:57:00,2023-10-01 12:42:00,197.28,16,0
TR021,V084,R411,S181,S061,T074,2023-10-01 08:43:00,2023-10-01 13:28:00,86.45,123,10
TR022,V278,R213,S339,S256,T013,2023-10-01 11:38:00,2023-10-01 15:47:00,72.53,200,15
TR023,V224,R371,S428,S119,T168,2023-10-01 06:58:00,2023-10-01 12:22:00,76.76,199,0
TR024,V196,R155,S001,S027,T311,2023-10-01 08:57:00,2023-10-01 14:21:00,141.41,63,30
TR025,V146,R141,S026,S308,T404,2023-10-01 11:56:00,2023-10-01 17:11:00,25.32,107,15
TR026,V433,R163,S129,S277,T185,2023-10-01 09:23:00,2023-10-01 13:41:00,132.48,22,10
TR027,V338,R386,S071,S170,T172,2023-10-01 12:00:00,2023-10-01 17:52:00,50.01,124,10
TR028,V353,R178,S180,S012,T500,2023-10-01 07:05:00,2023-10-01 16:18:00,83.29,122,30
TR029,V349,R205,S450,S115,T209,2023-10-01 10:07:00,2023-10-01 15:29:00,97.68,112,10
TR030,V224,R041,S146,S421,T460,2023-10-01 10:10:00,2023-10-01 13:28:00,199.25,60,10
TR031,V325,R285,S403,S482,T334,2023-10-01 11:07:00,2023-10-01 17:25:00,24.21,62,5
TR032,V146,R397,S440,S149,T192,2023-10-01 09:30:00,2023-10-01 12:01:00,195.2,107,10
TR033,V360,R161,S258,S473,T241,2023-10-01 11:51:00,2023-10-01 14:39:00,120.16,161,15
TR034,V318,R253,S341,S425,T483,2023-10-01 08:00:00,2023-10-01 14:20:00,108.34,41,0
TR035,V481,R314,S491,S129,T499,2023-10-01 06:14:00,2023-10-01 16:47:00,62.25,33,10
TR036,V474,R025,S394,S200,T151,2023-10-01 08:28:00,2023-10-01 14:59:00,185.81,54,15
TR037,V464,R202,S288,S361,T319,2023-10-01 08:17:00,2023-10-01 13:00:00,43.71,139,30
TR038,V439,R153,S080,S184,T016,2023-10-01 10:19:00,2023-10-01 14:54:00,129.28,158,30
TR039,V051,R357,S489,S035,T083,2023-10-01 07:50:00,2023-10-01 15:58:00,172.94,195,10
TR040,V045,R233,S045,S447,T189,2023-10-01 09:29:00,2023-10-01 16:50:00,37.46,142,5
TR041,V413,R253,S366,S447,T023,2023-10-01 06:31:00,2023-10-01 17:56:00,59.29,41,5
TR042,V429,R435,S139,S081,T149,2023-10-01 10:47:00,2023-10-01 12:44:00,198.58,51,20
TR043,V054,R329,S074,S496,T477,2023-10-01 08:45:00,2023-10-01 16:49:00,122.73,63,20
TR044,V046,R496,S376,S148,T077,2023-10-01 08:13:00,2023-10-01 15:57:00,52.15,40,30
TR045,V333,R467,S101,S039,T467,2023-10-01 11:45:00,2023-10-01 12:45:00,48.64,135,10
TR046,V009,R063,S222,S274,T303,2023-10-01 08:42:00,2023-10-01 12:59:00,159.95,199,30
TR047,V316,R432,S300,S295,T014,2023-10-01 09:30:00,2023-10-01 12:46:00,152.2,164,15
TR048,V478,R192,S471,S124,T055,2023-10-01 09:20:00,2023-10-01 13:33:00,92.2,101,10
TR049,V211,R481,S042,S437,T312,2023-10-01 09:46:00,2023-10-01 12:44:00,93.53,91,5
TR050,V054,R317,S149,S266,T109,2023-10-01 09:37:00,2023-10-01 13:35:00,155.23,116,15
TR051,V255,R053,S113,S478,T414,2023-10-01 09:24:00,2023-10-01 14:42:00,95.27,58,0
TR052,V384,R015,S017,S313,T161,2023-10-01 08:13:00,2023-10-01 17:02:00,127.86,63,10
TR053,V385,R115,S243,S257,T262,2023-10-01 06:27:00,2023-10-01 17:20:00,77.49,33,10
TR054,V320,R025,S478,S160,T367,2023-10-01 08:17:00,2023-10-01 12:10:00,85.37,139,20
TR055,V475,R423,S182,S205,T400,2023-10-01 10:08:00,2023-10-01 13:26:00,39.01,102,20
TR056,V279,R006,S128,S317,T380,2023-10-01 07:52:00,2023-10-01 12:05:00,179.26,132,30
TR057,V052,R072,S416,S030,T261,2023-10-01 08:53:00,2023-10-01 13:51:00,192.84,75,5
TR058,V325,R054,S348,S280,T402,2023-10-01 11:25:00,2023-10-01 17:26:00,157.12,140,10
TR059,V228,R166,S327,S358,T298,2023-10-01 06:23:00,2023-10-01 15:11:00,77.2,38,10
TR060,V258,R442,S198,S457,T365,2023-10-01 08:37:00,2023-10-01 15:55:00,116.41,126,0
TR061,V298,R353,S217,S057,T177,2023-10-01 09:49:00,2023-10-01 12:41:00,90.59,14,30
TR062,V413,R371,S205,S299,T482,2023-10-01 09:29:00,2023-10-01 14:06:00,174.63,11,0
TR063,V017,R224,S496,S242,T111,2023-10-01 07:53:00,2023-10-01 14:37:00,109.07,107,30
TR064,V342,R116,S463,S480,T194,2023-10-01 10:53:00,2023-10-01 17:48:00,103.5,117,15
TR065,V149,R088,S051,S470,T426,2023-10-01 07:25:00,2023-10-01 17:28:00,168.7,112,10
TR066,V437,R046,S458,S135,T299,2023-10-01 10:34:00,2023-10-01 13:37:00,100.9,35,20
TR067,V216,R098,S134,S335,T017,2023-10-01 07:45:00,2023-10-01 13:07:00,186.3,100,15
TR068,V109,R371,S472,S016,T337,2023-10-01 11:20:00,2023-10-01 14:38:00,51.97,102,30
TR069,V115,R462,S155,S017,T372,2023-10-01 06:56:00,2023-10-01 12:27:00,71.91,89,5
TR070,V398,R416,S306,S174,T077,2023-10-01 11:14:00,2023-10-01 15:14:00,115.88,26,15
TR071,V233,R189,S160,S216,T196,2023-10-01 11:12:00,2023-10-01 14:26:00,80.13,121,5
TR072,V283,R418,S089,S134,T391,2023-10-01 08:48:00,2023-10-01 13:31:00,103.52,176,10
TR073,V196,R463,S289,S103,T333,2023-10-01 07:06:00,2023-10-01 14:22:00,51.01,86,30
TR074,V059,R276,S224,S172,T041,2023-10-01 11:09:00,2023-10-01 13:11:00,183.31,68,15
TR075,V101,R003,S348,S455,T490,2023-10-01 10:36:00,2023-10-01 16:49:00,89.0,189,10
TR076,V439,R479,S449,S392,T040,2023-10-01 06:10:00,2023-10-01 14:41:00,137.56,31,10
TR077,V241,R353,S166,S031,T491,2023-10-01 06:10:00,2023-10-01 15:31:00,195.36,176,15
TR078,V487,R445,S412,S072,T479,2023-10-01 09:14:00,2023-10-01 13:55:00,93.85,174,10
TR079,V064,R027,S297,S105,T115,2023-10-01 06:46:00,2023-10-01 13:36:00,134.56,109,5
TR080,V180,R133,S072,S281,T290,2023-10-01 12:00:00,2023-10-01 14:19:00,131.4,130,5
TR081,V496,R453,S350,S419,T258,2023-10-01 08:50:00,2023-10-01 13:42:00,44.94,14,10
TR082,V407,R402,S394,S376,T295,2023-10-01 09:00:00,2023-10-01 13:30:00,131.59,80,0
TR083,V468,R023,S103,S169,T323,2023-10-01 10:43:00,2023-10-01 14:31:00,199.8,196,0
TR084,V238,R057,S129,S474,T281,2023-10-01 06:32:00,2023-10-01 14:12:00,127.92,175,5
TR085,V212,R025,S070,S388,T376,2023-10-01 11:35:00,2023-10-01 17:57:00,151.79,92,20
TR086,V465,R485,S214,S340,T215,2023-10-01 06:25:00,2023-10-01 15:45:00,190.19,21,10
TR087,V421,R156,S284,S468,T276,2023-10-01 10:25:00,2023-10-01 14:15:00,78.5,46,20
TR088,V331,R039,S103,S450,T376,2023-10-01 07:47:00,2023-10-01 12:47:00,64.99,73,30
TR089,V361,R136,S155,S032,T063,2023-10-01 09:05:00,2023-10-01 16:10:00,122.48,55,30
TR090,V402,R169,S157,S121,T434,2023-10-01 10:34:00,2023-10-01 15:01:00,104.94,154,20
TR091,V380,R353,S044,S253,T450,2023-10-01 07:41:00,2023-10-01 16:56:00,36.37,12,10
TR092,V203,R314,S153,S038,T271,2023-10-01 07:20:00,2023-10-01 15:06:00,86.65,42,20
TR093,V004,R406,S291,S413,T409,2023-10-01 10:34:00,2023-10-01 14:58:00,153.73,142,20
TR094,V482,R416,S475,S486,T027,2023-10-01 09:22:00,2023-10-01 17:28:00,179.03,49,5
TR095,V192,R195,S322,S289,T311,2023-10-01 07:57:00,2023-10-01 16:27:00,137.74,45,15
TR096,V401,R139,S237,S464,T242,2023-10-01 08:28:00,2023-10-01 15:50:00,119.37,187,20
TR097,V115,R358,S280,S313,T338,2023-10-01 07:22:00,2023-10-01 17:23:00,175.42,130,30
TR098,V260,R088,S094,S360,T269,2023-10-01 09:11:00,2023-10-01 17:51:00,173.06,19,0
TR099,V146,R474,S193,S428,T267,2023-10-01 08:49:00,2023-10-01 13:27:00,49.05,25,5
TR100,V138,R071,S401,S392,T226,2023-10-01 09:31:00,2023-10-01 12:18:00,86.43,162,0
TR101,V451,R299,S449,S414,T163,2023-10-01 07:50:00,2023-10-01 16:59:00,177.44,63,0
TR102,V338,R236,S427,S019,T138,2023-10-01 10:43:00,2023-10-01 15:17:00,51.54,199,30
TR103,V136,R062,S224,S178,T100,2023-10-01 08:07:00,2023-10-01 13:19:00,188.69,179,20
TR104,V158,R065,S050,S037,T429,2023-10-01 06:06:00,2023-10-01 16:35:00,185.85,85,30
TR105,V430,R164,S071,S487,T295,2023-10-01 06:18:00,2023-10-01 16:51:00,78.09,105,15
TR106,V463,R442,S270,S214,T151,2023-10-01 06:10:00,2023-10-01 13:47:00,72.74,168,10
TR107,V408,R076,S227,S307,T467,2023-10-01 10:29:00,2023-10-01 17:59:00,181.0,116,5
TR108,V466,R386,S356,S379,T125,2023-10-01 06:52:00,2023-10-01 15:42:00,57.26,50,30
TR109,V213,R300,S161,S314,T169,2023-10-01 10:16:00,2023-10-01 14:57:00,103.01,117,10
TR110,V345,R455,S258,S476,T125,2023-10-01 09:23:00,2023-10-01 17:30:00,64.11,54,20
TR111,V124,R436,S479,S042,T410,2023-10-01 10:08:00,2023-10-01 17:49:00,128.58,54,10
TR112,V003,R495,S351,S455,T394,2023-10-01 06:21:00,2023-10-01 14:27:00,198.15,142,15
TR113,V461,R459,S365,S283,T186,2023-10-01 07:20:00,2023-10-01 13:46:00,163.42,48,5
TR114,V466,R212,S184,S246,T119,2023-10-01 08:24:00,2023-10-01 14:55:00,195.1,199,15
TR115,V213,R327,S240,S485,T234,2023-10-01 08:34:00,2023-10-01 17:58:00,110.04,181,0
TR116,V017,R229,S182,S067,T162,2023-10-01 06:12:00,2023-10-01 16:17:00,40.01,56,30
TR117,V008,R343,S219,S139,T384,2023-10-01 07:57:00,2023-10-01 16:42:00,128.72,103,10
TR118,V014,R063,S239,S371,T498,2023-10-01 11:23:00,2023-10-01 14:17:00,79.63,38,20
TR119,V079,R268,S216,S022,T060,2023-10-01 11:52:00,2023-10-01 12:46:00,185.63,51,20
TR120,V405,R271,S493,S054,T355,2023-10-01 08:06:00,2023-10-01 16:22:00,48.67,17,0
TR121,V192,R124,S211,S019,T124,2023-10-01 06:17:00,2023-10-01 13:47:00,103.2,137,10
TR122,V431,R296,S237,S255,T228,2023-10-01 08:19:00,2023-10-01 14:12:00,193.25,62,5
TR123,V419,R245,S015,S260,T376,2023-10-01 07:03:00,2023-10-01 13:51:00,21.24,88,15
TR124,V266,R339,S468,S116,T491,2023-10-01 09:13:00,2023-10-01 15:59:00,25.82,113,0
TR125,V420,R251,S287,S333,T451,2023-10-01 11:35:00,2023-10-01 14:13:00,141.84,170,5
TR126,V380,R500,S014,S180,T210,2023-10-01 09:25:00,2023-10-01 12:16:00,176.07,105,20
TR127,V308,R144,S491,S221,T186,2023-10-01 07:07:00,2023-10-01 12:59:00,199.2,77,5
TR128,V163,R165,S393,S245,T041,2023-10-01 08:18:00,2023-10-01 16:24:00,175.19,169,30
TR129,V172,R396,S216,S156,T181,2023-10-01 06:43:00,2023-10-01 17:37:00,32.67,92,10
TR130,V088,R375,S046,S401,T287,2023-10-01 06:39:00,2023-10-01 17:23:00,95.08,17,0
TR131,V492,R248,S387,S436,T259,2023-10-01 06:37:00,2023-10-01 13:35:00,66.81,16,15
TR132,V293,R116,S072,S449,T040,2023-10-01 10:18:00,2023-10-01 16:03:00,148.88,94,5
TR133,V221,R048,S315,S498,T469,2023-10-01 12:00:00,2023-10-01 13:11:00,41.78,17,30
TR134,V124,R136,S465,S117,T186,2023-10-01 09:32:00,2023-10-01 15:59:00,159.79,130,5
TR135,V285,R393,S155,S011,T335,2023-10-01 06:10:00,2023-10-01 17:00:00,136.48,18,5
TR136,V499,R152,S403,S477,T248,2023-10-01 06:07:00,2023-10-01 14:45:00,116.15,198,5
TR137,V201,R365,S125,S029,T310,2023-10-01 10:37:00,2023-10-01 15:10:00,24.27,46,15
TR138,V099,R043,S298,S014,T118,2023-10-01 11:09:00,2023-10-01 16:48:00,106.55,114,30
TR139,V316,R181,S263,S397,T230,2023-10-01 07:17:00,2023-10-01 15:13:00,150.69,21,5
TR140,V330,R286,S192,S401,T403,2023-10-01 06:48:00,2023-10-01 17:37:00,72.73,148,5
TR141,V202,R428,S066,S416,T215,2023-10-01 11:01:00,2023-10-01 17:01:00,91.71,106,0
TR142,V425,R447,S318,S101,T118,2023-10-01 09:20:00,2023-10-01 12:17:00,168.02,163,10
TR143,V027,R125,S279,S274,T292,2023-10-01 07:39:00,2023-10-01 14:45:00,158.38,194,5
TR144,V411,R338,S461,S312,T424,2023-10-01 11:10:00,2023-10-01 17:59:00,85.41,144,0
TR145,V478,R332,S290,S441,T424,2023-10-01 08:39:00,2023-10-01 12:53:00,148.99,53,20
TR146,V296,R377,S450,S195,T065,2023-10-01 08:45:00,2023-10-01 17:22:00,112.08,50,15
TR147,V220,R439,S151,S350,T474,2023-10-01 09:37:00,2023-10-01 15:03:00,136.93,35,15
TR148,V066,R106,S028,S351,T276,2023-10-01 10:22:00,2023-10-01 12:04:00,97.15,13,15
TR149,V481,R356,S387,S378,T126,2023-10-01 06:11:00,2023-10-01 13:21:00,42.33,99,20
TR150,V326,R040,S433,S010,T398,2023-10-01 08:34:00,2023-10-01 15:35:00,46.28,67,20
TR151,V200,R039,S202,S283,T466,2023-10-01 08:20:00,2023-10-01 16:03:00,67.25,33,20
TR152,V373,R498,S065,S247,T209,2023-10-01 09:54:00,2023-10-01 14:51:00,168.54,117,5
TR153,V089,R254,S207,S027,T346,2023-10-01 07:43:00,2023-10-01 14:52:00,155.64,26,15
TR154,V207,R031,S344,S199,T300,2023-10-01 06:51:00,2023-10-01 17:31:00,40.12,38,5
TR155,V463,R109,S004,S393,T341,2023-10-01 08:15:00,2023-10-01 12:51:00,50.41,131,20
TR156,V163,R007,S237,S194,T071,2023-10-01 11:35:00,2023-10-01 13:35:00,94.32,128,20
TR157,V265,R344,S414,S357,T311,2023-10-01 10:55:00,2023-10-01 15:03:00,81.17,116,15
TR158,V082,R111,S391,S065,T134,2023-10-01 10:01:00,2023-10-01 14:36:00,184.34,147,30
TR159,V224,R240,S448,S221,T408,2023-10-01 09:12:00,2023-10-01 13:23:00,163.2,122,20
TR160,V119,R420,S266,S360,T147,2023-10-01 08:29:00,2023-10-01 15:59:00,57.82,44,15
TR161,V051,R198,S236,S219,T175,2023-10-01 09:39:00,2023-10-01 16:39:00,37.48,164,30
TR162,V364,R097,S430,S282,T161,2023-10-01 06:47:00,2023-10-01 13:35:00,135.57,173,10
TR163,V411,R250,S028,S071,T061,2023-10-01 07:53:00,2023-10-01 12:11:00,33.33,10,30
TR164,V065,R054,S044,S060,T042,2023-10-01 09:28:00,2023-10-01 15:44:00,181.86,89,10
TR165,V259,R175,S029,S225,T210,2023-10-01 10:47:00,2023-10-01 17:15:00,108.48,131,10
TR166,V061,R107,S139,S061,T216,2023-10-01 08:22:00,2023-10-01 15:53:00,64.05,130,15
TR167,V324,R417,S425,S460,T259,2023-10-01 10:07:00,2023-10-01 17:03:00,66.8,75,10
TR168,V296,R303,S333,S316,T076,2023-10-01 08:25:00,2023-10-01 16:54:00,73.15,42,10
TR169,V402,R390,S055,S463,T295,2023-10-01 11:59:00,2023-10-01 17:55:00,100.04,92,5
TR170,V201,R271,S171,S189,T254,2023-10-01 10:33:00,2023-10-01 15:42:00,161.73,178,10
TR171,V432,R264,S305,S181,T324,2023-10-01 10:19:00,2023-10-01 15:24:00,145.92,148,20
TR172,V391,R440,S050,S100,T452,2023-10-01 08:05:00,2023-10-01 16:02:00,122.28,103,10
TR173,V322,R161,S421,S176,T396,2023-10-01 09:15:00,2023-10-01 14:04:00,127.0,167,0
TR174,V470,R390,S149,S224,T102,2023-10-01 06:08:00,2023-10-01 14:09:00,157.04,181,30
TR175,V134,R484,S290,S471,T461,2023-10-01 10:14:00,2023-10-01 15:11:00,46.64,193,5
TR176,V429,R160,S247,S030,T093,2023-10-01 09:21:00,2023-10-01 17:07:00,71.92,34,10
TR177,V284,R363,S354,S122,T449,2023-10-01 09:10:00,2023-10-01 14:52:00,59.78,132,30
TR178,V082,R233,S170,S119,T233,2023-10-01 10:39:00,2023-10-01 16:07:00,86.75,136,5
TR179,V486,R336,S443,S048,T008,2023-10-01 06:55:00,2023-10-01 17:47:00,85.29,156,20
TR180,V166,R079,S032,S302,T086,2023-10-01 09:51:00,2023-10-01 15:25:00,72.42,60,20
TR181,V105,R435,S063,S006,T062,2023-10-01 07:54:00,2023-10-01 14:33:00,190.06,42,5
TR182,V048,R259,S380,S117,T215,2023-10-01 10:55:00,2023-10-01 12:20:00,48.49,66,0
TR183,V048,R055,S300,S212,T135,2023-10-01 06:12:00,2023-10-01 13:59:00,134.1,141,20
TR184,V014,R469,S346,S383,T392,2023-10-01 09:23:00,2023-10-01 16:19:00,105.55,43,30
TR185,V224,R067,S262,S386,T284,2023-10-01 07:58:00,2023-10-01 12:55:00,99.18,46,15
TR186,V006,R113,S379,S455,T365,2023-10-01 09:48:00,2023-10-01 15:35:00,73.08,67,20
TR187,V322,R470,S368,S414,T477,2023-10-01 09:09:00,2023-10-01 15:38:00,153.87,178,10
TR188,V395,R187,S028,S407,T241,2023-10-01 10:04:00,2023-10-01 14:17:00,145.11,31,0
TR189,V304,R198,S360,S275,T381,2023-10-01 10:48:00,2023-10-01 16:55:00,46.37,200,20
TR190,V079,R500,S105,S291,T052,2023-10-01 06:55:00,2023-10-01 15:25:00,72.62,34,5
TR191,V015,R232,S265,S024,T065,2023-10-01 11:29:00,2023-10-01 17:03:00,89.16,193,30
TR192,V317,R445,S074,S411,T446,2023-10-01 08:39:00,2023-10-01 12:14:00,134.62,113,10
TR193,V363,R318,S288,S008,T018,2023-10-01 08:50:00,2023-10-01 13:23:00,25.04,82,30
TR194,V279,R263,S380,S448,T427,2023-10-01 07:13:00,2023-10-01 16:22:00,58.1,167,30
TR195,V472,R104,S496,S369,T221,2023-10-01 11:22:00,2023-10-01 13:25:00,74.53,36,30
TR196,V498,R400,S254,S128,T013,2023-10-01 06:42:00,2023-10-01 14:33:00,125.16,73,20
TR197,V041,R205,S070,S417,T354,2023-10-01 06:48:00,2023-10-01 17:05:00,66.7,67,5
TR198,V293,R097,S115,S030,T086,2023-10-01 10:47:00,2023-10-01 17:57:00,149.81,74,15
TR199,V196,R036,S459,S040,T038,2023-10-01 07:26:00,2023-10-01 16:28:00,154.18,57,10
TR200,V013,R143,S346,S030,T068,2023-10-01 07:46:00,2023-10-01 13:41:00,199.3,196,20
TR201,V381,R217,S328,S065,T264,2023-10-01 10:10:00,2023-10-01 16:50:00,93.05,178,0
TR202,V376,R085,S437,S225,T444,2023-10-01 11:03:00,2023-10-01 13:11:00,131.32,87,15
TR203,V067,R352,S080,S093,T272,2023-10-01 08:07:00,2023-10-01 13:06:00,50.67,94,20
TR204,V233,R158,S155,S145,T471,2023-10-01 06:42:00,2023-10-01 17:39:00,81.96,191,15
TR205,V325,R488,S322,S023,T199,2023-10-01 07:12:00,2023-10-01 14:50:00,48.06,128,15
TR206,V324,R446,S160,S161,T463,2023-10-01 09:26:00,2023-10-01 12:27:00,173.47,181,20
TR207,V399,R296,S369,S180,T217,2023-10-01 11:15:00,2023-10-01 12:46:00,76.57,161,15
TR208,V184,R332,S480,S309,T182,2023-10-01 10:02:00,2023-10-01 14:38:00,87.39,143,0
TR209,V096,R053,S004,S336,T066,2023-10-01 10:27:00,2023-10-01 13:12:00,175.77,142,5
TR210,V123,R076,S413,S456,T206,2023-10-01 10:50:00,2023-10-01 14:57:00,107.34,157,0
TR211,V335,R237,S249,S126,T357,2023-10-01 07:59:00,2023-10-01 15:54:00,50.44,78,20
TR212,V460,R449,S320,S150,T286,2023-10-01 06:30:00,2023-10-01 15:22:00,114.54,43,15
TR213,V114,R055,S353,S067,T124,2023-10-01 10:12:00,2023-10-01 13:24:00,51.57,93,20
TR214,V153,R382,S103,S311,T365,2023-10-01 08:09:00,2023-10-01 15:55:00,181.48,118,30
TR215,V100,R057,S059,S204,T151,2023-10-01 09:30:00,2023-10-01 12:00:00,22.56,105,0
TR216,V275,R124,S035,S246,T061,2023-10-01 08:39:00,2023-10-01 17:37:00,190.45,179,10
TR217,V431,R009,S001,S337,T173,2023-10-01 08:52:00,2023-10-01 13:15:00,81.63,47,15
TR218,V126,R458,S079,S063,T460,2023-10-01 07:17:00,2023-10-01 13:42:00,75.68,158,30
TR219,V372,R236,S310,S337,T423,2023-10-01 06:18:00,2023-10-01 13:28:00,60.38,198,5
TR220,V400,R096,S451,S040,T460,2023-10-01 08:44:00,2023-10-01 14:34:00,70.1,18,0
TR221,V414,R137,S062,S040,T173,2023-10-01 11:52:00,2023-10-01 14:37:00,160.04,108,30
TR222,V403,R015,S267,S129,T303,2023-10-01 10:49:00,2023-10-01 12:41:00,162.07,171,10
TR223,V194,R244,S050,S481,T312,2023-10-01 11:06:00,2023-10-01 13:34:00,137.0,22,0
TR224,V395,R339,S127,S279,T316,2023-10-01 09:28:00,2023-10-01 14:00:00,84.17,60,30
TR225,V134,R272,S105,S106,T056,2023-10-01 06:02:00,2023-10-01 13:44:00,102.68,56,10
TR226,V338,R232,S054,S254,T370,2023-10-01 08:17:00,2023-10-01 15:43:00,184.29,13,20
TR227,V027,R181,S243,S362,T024,2023-10-01 11:53:00,2023-10-01 12:46:00,183.13,46,10
TR228,V141,R136,S013,S377,T038,2023-10-01 07:47:00,2023-10-01 14:05:00,171.2,172,30
TR229,V043,R061,S427,S417,T379,2023-10-01 10:47:00,2023-10-01 13:18:00,172.23,18,0
TR230,V479,R475,S259,S183,T472,2023-10-01 10:10:00,2023-10-01 17:50:00,160.96,70,30
TR231,V074,R282,S228,S460,T182,2023-10-01 10:39:00,2023-10-01 16:44:00,114.34,51,20
TR232,V322,R044,S201,S469,T487,2023-10-01 10:15:00,2023-10-01 15:11:00,61.11,111,15
TR233,V012,R182,S029,S440,T230,2023-10-01 08:40:00,2023-10-01 12:02:00,56.46,92,15
TR234,V327,R221,S475,S113,T467,2023-10-01 11:33:00,2023-10-01 16:04:00,139.56,12,30
TR235,V297,R109,S063,S228,T210,2023-10-01 08:00:00,2023-10-01 13:21:00,91.73,156,5
TR236,V444,R078,S154,S366,T323,2023-10-01 08:44:00,2023-10-01 14:56:00,37.79,133,15
TR237,V053,R204,S208,S155,T231,2023-10-01 09:56:00,2023-10-01 12:51:00,79.31,133,5
TR238,V057,R258,S248,S483,T380,2023-10-01 10:07:00,2023-10-01 16:01:00,32.1,98,30
TR239,V236,R221,S095,S188,T428,2023-10-01 10:23:00,2023-10-01 16:41:00,119.59,58,15
TR240,V475,R261,S420,S400,T224,2023-10-01 10:44:00,2023-10-01 17:51:00,116.26,170,10
TR241,V306,R171,S121,S283,T149,2023-10-01 06:41:00,2023-10-01 15:21:00,153.43,157,20
TR242,V063,R028,S431,S150,T388,2023-10-01 06:53:00,2023-10-01 17:57:00,177.07,113,30
TR243,V055,R226,S435,S445,T245,2023-10-01 09:37:00,2023-10-01 13:48:00,194.68,125,30
TR244,V073,R140,S280,S335,T359,2023-10-01 11:58:00,2023-10-01 16:01:00,30.08,64,10
TR245,V145,R190,S134,S126,T069,2023-10-01 06:39:00,2023-10-01 17:42:00,122.01,126,10
TR246,V135,R051,S421,S270,T376,2023-10-01 09:12:00,2023-10-01 15:12:00,64.63,169,5
TR247,V459,R026,S314,S458,T094,2023-10-01 07:05:00,2023-10-01 15:57:00,66.09,77,20
TR248,V093,R333,S349,S137,T371,2023-10-01 06:06:00,2023-10-01 14:04:00,153.1,149,20
TR249,V048,R196,S225,S164,T393,2023-10-01 07:22:00,2023-10-01 12:49:00,144.15,122,15
TR250,V040,R375,S440,S358,T302,2023-10-01 10:26:00,2023-10-01 15:18:00,137.15,40,5
TR251,V254,R476,S337,S278,T470,2023-10-01 07:02:00,2023-10-01 13:05:00,64.12,200,20
TR252,V433,R217,S316,S258,T420,2023-10-01 07:25:00,2023-10-01 14:42:00,144.13,81,30
TR253,V186,R100,S064,S054,T480,2023-10-01 07:41:00,2023-10-01 13:08:00,102.09,177,20
TR254,V468,R151,S222,S028,T261,2023-10-01 09:44:00,2023-10-01 15:24:00,27.24,141,10
TR255,V430,R097,S075,S178,T043,2023-10-01 06:58:00,2023-10-01 14:47:00,129.64,96,0
TR256,V107,R207,S326,S462,T078,2023-10-01 06:19:00,2023-10-01 14:24:00,119.36,96,20
TR257,V201,R091,S012,S211,T459,2023-10-01 09:37:00,2023-10-01 17:45:00,36.44,57,0
TR258,V052,R305,S095,S362,T004,2023-10-01 10:13:00,2023-10-01 15:37:00,54.2,75,30
TR259,V252,R142,S073,S487,T304,2023-10-01 07:27:00,2023-10-01 17:05:00,169.52,97,10
TR260,V408,R272,S420,S319,T304,2023-10-01 11:20:00,2023-10-01 15:21:00,31.46,134,20
TR261,V012,R312,S382,S249,T190,2023-10-01 10:28:00,2023-10-01 16:33:00,182.56,150,0
TR262,V212,R253,S337,S144,T346,2023-10-01 10:09:00,2023-10-01 12:36:00,114.06,126,0
TR263,V038,R266,S124,S041,T333,2023-10-01 07:11:00,2023-10-01 14:57:00,30.96,179,20
TR264,V250,R222,S088,S105,T233,2023-10-01 10:40:00,2023-10-01 16:10:00,60.97,34,0
TR265,V492,R056,S262,S467,T195,2023-10-01 09:34:00,2023-10-01 17:42:00,125.42,181,20
TR266,V321,R349,S380,S071,T165,2023-10-01 09:24:00,2023-10-01 17:00:00,124.63,97,15
TR267,V040,R026,S359,S431,T225,2023-10-01 06:04:00,2023-10-01 12:13:00,103.57,142,30
TR268,V108,R331,S280,S500,T091,2023-10-01 08:31:00,2023-10-01 13:53:00,116.65,77,5
TR269,V352,R128,S103,S267,T261,2023-10-01 07:00:00,2023-10-01 17:11:00,160.65,26,30
TR270,V215,R491,S244,S119,T370,2023-10-01 09:42:00,2023-10-01 13:31:00,77.39,103,5
TR271,V193,R057,S246,S157,T302,2023-10-01 08:30:00,2023-10-01 14:00:00,134.1,119,5
TR272,V456,R113,S149,S380,T144,2023-10-01 11:46:00,2023-10-01 15:08:00,55.36,174,20
TR273,V161,R059,S149,S284,T484,2023-10-01 08:18:00,2023-10-01 15:05:00,40.95,16,5
TR274,V325,R028,S342,S108,T396,2023-10-01 10:27:00,2023-10-01 14:54:00,35.01,149,5
TR275,V466,R459,S052,S063,T050,2023-10-01 08:45:00,2023-10-01 16:16:00,55.53,42,0
TR276,V231,R019,S492,S191,T119,2023-10-01 11:14:00,2023-10-01 12:00:00,117.63,34,30
TR277,V414,R295,S302,S372,T153,2023-10-01 09:10:00,2023-10-01 17:12:00,58.7,68,15
TR278,V083,R137,S253,S418,T253,2023-10-01 10:48:00,2023-10-01 17:06:00,107.7,127,30
TR279,V093,R123,S189,S404,T175,2023-10-01 11:32:00,2023-10-01 15:23:00,122.48,38,0
TR280,V153,R034,S342,S073,T025,2023-10-01 07:24:00,2023-10-01 12:39:00,124.71,40,10
TR281,V006,R273,S141,S019,T289,2023-10-01 07:12:00,2023-10-01 17:30:00,175.01,150,0
TR282,V463,R052,S201,S121,T266,2023-10-01 08:28:00,2023-10-01 13:57:00,40.07,192,0
TR283,V092,R142,S198,S358,T460,2023-10-01 10:27:00,2023-10-01 13:10:00,179.57,85,15
TR284,V338,R116,S358,S226,T269,2023-10-01 11:50:00,2023-10-01 16:15:00,159.93,42,20
TR285,V291,R452,S410,S333,T297,2023-10-01 07:44:00,2023-10-01 13:36:00,55.06,98,30
TR286,V324,R318,S055,S392,T261,2023-10-01 11:14:00,2023-10-01 12:22:00,165.04,88,30
TR287,V311,R359,S238,S233,T433,2023-10-01 09:10:00,2023-10-01 13:48:00,130.59,125,15
TR288,V438,R367,S214,S488,T476,2023-10-01 10:25:00,2023-10-01 14:34:00,102.13,121,15
TR289,V017,R208,S417,S059,T219,2023-10-01 11:09:00,2023-10-01 15:42:00,20.09,151,15
TR290,V061,R201,S218,S011,T147,2023-10-01 08:08:00,2023-10-01 12:47:00,155.82,31,30
TR291,V500,R202,S076,S256,T166,2023-10-01 10:01:00,2023-10-01 14:53:00,128.24,139,15
TR292,V176,R052,S015,S429,T197,2023-10-01 09:56:00,2023-10-01 15:16:00,108.67,56,5
TR293,V178,R113,S146,S018,T164,2023-10-01 07:47:00,2023-10-01 17:34:00,51.78,111,10
TR294,V248,R376,S235,S139,T388,2023-10-01 08:49:00,2023-10-01 13:32:00,111.31,140,5
TR295,V315,R422,S062,S143,T092,2023-10-01 07:09:00,2023-10-01 15:37:00,112.56,59,0
TR296,V308,R451,S289,S302,T489,2023-10-01 07:24:00,2023-10-01 13:17:00,191.26,46,10
TR297,V280,R355,S200,S197,T074,2023-10-01 10:28:00,2023-10-01 14:25:00,73.93,184,10
TR298,V003,R138,S006,S154,T022,2023-10-01 10:02:00,2023-10-01 14:39:00,176.11,66,5
TR299,V082,R254,S298,S424,T417,2023-10-01 06:05:00,2023-10-01 15:18:00,64.82,14,30
TR300,V268,R106,S156,S495,T484,2023-10-01 08:42:00,2023-10-01 17:45:00,69.55,60,15
TR301,V380,R088,S018,S044,T377,2023-10-01 09:33:00,2023-10-01 16:06:00,121.03,197,10
TR302,V131,R403,S331,S031,T452,2023-10-01 07:31:00,2023-10-01 12:17:00,75.58,200,15
TR303,V475,R105,S334,S143,T375,2023-10-01 07:16:00,2023-10-01 14:13:00,99.21,100,0
TR304,V063,R178,S458,S438,T108,2023-10-01 10:00:00,2023-10-01 15:35:00,195.9,144,5
TR305,V099,R327,S337,S313,T221,2023-10-01 06:34:00,2023-10-01 13:31:00,190.23,163,10
TR306,V311,R148,S318,S197,T266,2023-10-01 06:02:00,2023-10-01 13:23:00,107.76,48,15
TR307,V016,R362,S228,S254,T143,2023-10-01 08:39:00,2023-10-01 15:23:00,77.46,154,5
TR308,V275,R306,S022,S010,T295,2023-10-01 11:59:00,2023-10-01 17:49:00,195.38,145,5
TR309,V012,R148,S465,S442,T451,2023-10-01 07:36:00,2023-10-01 16:24:00,104.69,144,10
TR310,V266,R376,S465,S196,T316,2023-10-01 07:42:00,2023-10-01 12:54:00,49.36,22,30
TR311,V263,R002,S182,S197,T161,2023-10-01 11:55:00,2023-10-01 15:58:00,31.8,146,30
TR312,V390,R049,S493,S228,T051,2023-10-01 06:48:00,2023-10-01 12:42:00,97.76,102,0
TR313,V079,R095,S072,S023,T178,2023-10-01 10:35:00,2023-10-01 14:57:00,74.84,148,10
TR314,V111,R258,S240,S115,T146,2023-10-01 09:54:00,2023-10-01 17:51:00,186.55,68,15
TR315,V444,R465,S452,S106,T085,2023-10-01 08:49:00,2023-10-01 12:51:00,99.78,187,0
TR316,V187,R359,S371,S195,T061,2023-10-01 06:48:00,2023-10-01 17:35:00,134.82,145,20
TR317,V059,R319,S235,S095,T148,2023-10-01 06:31:00,2023-10-01 15:27:00,116.95,52,10
TR318,V461,R245,S142,S338,T141,2023-10-01 11:19:00,2023-10-01 12:06:00,52.88,105,0
TR319,V112,R379,S005,S221,T250,2023-10-01 09:59:00,2023-10-01 13:22:00,160.18,50,20
TR320,V016,R157,S082,S273,T225,2023-10-01 11:04:00,2023-10-01 14:43:00,157.31,35,0
TR321,V168,R437,S184,S027,T115,2023-10-01 07:20:00,2023-10-01 13:05:00,58.38,184,20
TR322,V071,R465,S257,S339,T454,2023-10-01 06:34:00,2023-10-01 16:54:00,110.32,52,0
TR323,V113,R353,S439,S157,T087,2023-10-01 08:59:00,2023-10-01 16:19:00,77.6,172,30
TR324,V043,R123,S441,S017,T148,2023-10-01 11:25:00,2023-10-01 15:16:00,115.47,172,10
TR325,V373,R088,S258,S278,T481,2023-10-01 10:46:00,2023-10-01 17:51:00,38.53,168,0
TR326,V355,R162,S108,S391,T470,2023-10-01 07:55:00,2023-10-01 15:52:00,74.01,67,5
TR327,V482,R349,S179,S179,T133,2023-10-01 08:56:00,2023-10-01 12:05:00,129.71,193,0
TR328,V065,R036,S463,S480,T311,2023-10-01 11:21:00,2023-10-01 16:08:00,122.78,48,20
TR329,V138,R086,S362,S014,T386,2023-10-01 06:07:00,2023-10-01 17:34:00,47.83,148,0
TR330,V141,R096,S269,S466,T055,2023-10-01 07:38:00,2023-10-01 17:43:00,48.15,166,0
TR331,V247,R171,S200,S312,T474,2023-10-01 08:20:00,2023-10-01 15:25:00,157.95,118,10
TR332,V103,R461,S263,S387,T119,2023-10-01 08:25:00,2023-10-01 15:36:00,161.45,61,15
TR333,V489,R234,S033,S458,T342,2023-10-01 09:38:00,2023-10-01 12:27:00,173.42,81,10
TR334,V048,R073,S090,S173,T143,2023-10-01 10:59:00,2023-10-01 14:35:00,129.82,22,0
TR335,V179,R493,S336,S473,T073,2023-10-01 08:36:00,2023-10-01 15:37:00,48.28,112,20
TR336,V363,R007,S078,S425,T050,2023-10-01 09:08:00,2023-10-01 14:12:00,192.21,85,20
TR337,V283,R342,S181,S465,T106,2023-10-01 11:19:00,2023-10-01 17:24:00,196.61,109,10
TR338,V334,R243,S336,S135,T283,2023-10-01 09:26:00,2023-10-01 12:59:00,137.63,143,0
TR339,V151,R220,S369,S415,T430,2023-10-01 08:10:00,2023-10-01 17:09:00,161.97,117,5
TR340,V240,R172,S289,S386,T261,2023-10-01 10:47:00,2023-10-01 15:50:00,160.36,131,5
TR341,V382,R011,S174,S303,T387,2023-10-01 10:37:00,2023-10-01 16:17:00,68.49,129,30
TR342,V415,R091,S236,S111,T087,2023-10-01 11:28:00,2023-10-01 15:10:00,187.91,92,20
TR343,V254,R499,S367,S388,T015,2023-10-01 11:37:00,2023-10-01 16:02:00,104.96,44,15
TR344,V224,R136,S440,S015,T307,2023-10-01 07:43:00,2023-10-01 14:51:00,174.12,194,5
TR345,V263,R452,S403,S175,T463,2023-10-01 06:39:00,2023-10-01 16:33:00,74.65,86,20
TR346,V485,R040,S072,S372,T021,2023-10-01 11:03:00,2023-10-01 15:06:00,46.1,10,5
TR347,V205,R088,S143,S425,T492,2023-10-01 07:18:00,2023-10-01 12:57:00,80.07,29,10
TR348,V473,R348,S402,S319,T457,2023-10-01 06:52:00,2023-10-01 13:31:00,83.71,74,0
TR349,V099,R390,S391,S223,T277,2023-10-01 07:50:00,2023-10-01 15:37:00,154.14,191,30
TR350,V129,R437,S338,S444,T276,2023-10-01 08:23:00,2023-10-01 16:32:00,100.95,152,5
TR351,V089,R005,S156,S219,T410,2023-10-01 07:31:00,2023-10-01 15:16:00,96.55,181,20
TR352,V102,R305,S473,S401,T100,2023-10-01 08:14:00,2023-10-01 17:45:00,90.84,89,10
TR353,V352,R181,S202,S374,T004,2023-10-01 10:48:00,2023-10-01 12:40:00,95.08,63,20
TR354,V434,R497,S035,S476,T251,2023-10-01 06:52:00,2023-10-01 13:16:00,157.2,197,5
TR355,V455,R243,S470,S377,T427,2023-10-01 07:04:00,2023-10-01 12:03:00,92.73,166,15
TR356,V368,R299,S430,S386,T422,2023-10-01 10:27:00,2023-10-01 14:52:00,194.36,162,30
TR357,V144,R001,S331,S030,T014,2023-10-01 11:00:00,2023-10-01 17:02:00,83.65,27,5
TR358,V493,R251,S248,S414,T190,2023-10-01 11:30:00,2023-10-01 14:12:00,164.97,25,20
TR359,V202,R448,S193,S056,T105,2023-10-01 09:16:00,2023-10-01 13:41:00,195.5,115,5
TR360,V053,R127,S493,S284,T145,2023-10-01 08:49:00,2023-10-01 16:23:00,158.07,45,15
TR361,V299,R242,S242,S199,T483,2023-10-01 10:54:00,2023-10-01 17:14:00,23.51,46,0
TR362,V407,R057,S311,S488,T486,2023-10-01 11:03:00,2023-10-01 15:52:00,146.78,133,20
TR363,V393,R024,S338,S370,T293,2023-10-01 11:09:00,2023-10-01 15:42:00,57.55,51,0
TR364,V301,R420,S093,S478,T219,2023-10-01 08:21:00,2023-10-01 12:24:00,149.0,72,20
TR365,V160,R009,S295,S348,T375,2023-10-01 11:15:00,2023-10-01 15:57:00,73.06,110,0
TR366,V085,R291,S363,S148,T228,2023-10-01 11:42:00,2023-10-01 14:24:00,87.23,50,10
TR367,V407,R349,S475,S440,T267,2023-10-01 10:02:00,2023-10-01 12:20:00,77.93,175,10
TR368,V106,R149,S260,S481,T065,2023-10-01 07:47:00,2023-10-01 13:02:00,162.37,117,0
TR369,V489,R428,S398,S274,T426,2023-10-01 07:26:00,2023-10-01 16:10:00,78.62,110,10
TR370,V370,R117,S338,S238,T233,2023-10-01 06:01:00,2023-10-01 15:55:00,120.8,161,30
TR371,V250,R269,S270,S218,T152,2023-10-01 07:58:00,2023-10-01 15:07:00,55.9,59,5
TR372,V222,R258,S133,S294,T471,2023-10-01 07:50:00,2023-10-01 12:25:00,58.7,73,20
TR373,V453,R086,S067,S369,T057,2023-10-01 06:46:00,2023-10-01 17:06:00,110.53,99,20
TR374,V229,R387,S358,S291,T367,2023-10-01 11:14:00,2023-10-01 17:51:00,174.15,28,5
TR375,V217,R076,S166,S394,T362,2023-10-01 07:15:00,2023-10-01 15:09:00,39.23,67,0
TR376,V306,R397,S302,S266,T471,2023-10-01 07:13:00,2023-10-01 14:09:00,63.76,80,15
TR377,V383,R049,S490,S134,T433,2023-10-01 07:24:00,2023-10-01 15:37:00,78.59,45,5
TR378,V140,R052,S298,S084,T062,2023-10-01 10:03:00,2023-10-01 14:52:00,106.34,112,20
TR379,V418,R156,S179,S492,T228,2023-10-01 06:00:00,2023-10-01 17:45:00,149.83,41,5
TR380,V164,R412,S300,S196,T456,2023-10-01 08:45:00,2023-10-01 14:31:00,104.58,195,20
TR381,V319,R377,S317,S240,T222,2023-10-01 06:39:00,2023-10-01 12:12:00,194.8,199,10
TR382,V056,R172,S425,S382,T253,2023-10-01 06:26:00,2023-10-01 16:37:00,28.28,159,15
TR383,V311,R232,S207,S474,T135,2023-10-01 07:10:00,2023-10-01 14:16:00,138.7,182,30
TR384,V197,R252,S035,S122,T045,2023-10-01 10:21:00,2023-10-01 13:31:00,143.8,48,20
TR385,V220,R377,S024,S068,T443,2023-10-01 09:45:00,2023-10-01 14:30:00,183.6,62,15
TR386,V103,R180,S016,S465,T071,2023-10-01 09:37:00,2023-10-01 15:02:00,107.67,123,15
TR387,V291,R280,S437,S008,T143,2023-10-01 11:40:00,2023-10-01 15:33:00,70.43,46,0
TR388,V181,R132,S376,S144,T375,2023-10-01 10:01:00,2023-10-01 12:08:00,129.21,182,30
TR389,V192,R340,S082,S410,T343,2023-10-01 08:47:00,2023-10-01 15:48:00,87.5,80,20
TR390,V460,R250,S119,S350,T060,2023-10-01 08:34:00,2023-10-01 14:46:00,38.26,93,0
TR391,V324,R130,S050,S487,T496,2023-10-01 10:16:00,2023-10-01 14:32:00,135.13,12,10
TR392,V420,R187,S341,S141,T182,2023-10-01 07:00:00,2023-10-01 17:25:00,69.69,173,5
TR393,V033,R235,S055,S044,T412,2023-10-01 08:03:00,2023-10-01 12:18:00,86.5,40,10
TR394,V231,R007,S256,S128,T041,2023-10-01 10:46:00,2023-10-01 17:05:00,186.25,143,5
TR395,V086,R424,S479,S395,T382,2023-10-01 09:21:00,2023-10-01 12:57:00,39.99,89,5
TR396,V456,R181,S348,S278,T407,2023-10-01 09:13:00,2023-10-01 15:02:00,44.17,144,15
TR397,V018,R155,S244,S152,T114,2023-10-01 09:17:00,2023-10-01 12:18:00,154.97,36,5
TR398,V491,R364,S166,S173,T373,2023-10-01 10:02:00,2023-10-01 16:32:00,78.42,170,15
TR399,V262,R171,S390,S293,T039,2023-10-01 09:01:00,2023-10-01 15:22:00,159.54,163,0
TR400,V130,R457,S119,S203,T168,2023-10-01 08:39:00,2023-10-01 14:07:00,94.48,130,10
TR401,V301,R266,S396,S020,T081,2023-10-01 10:27:00,2023-10-01 13:29:00,47.32,69,0
TR402,V210,R397,S414,S316,T260,2023-10-01 08:42:00,2023-10-01 12:43:00,47.08,179,15
TR403,V151,R340,S470,S141,T172,2023-10-01 10:31:00,2023-10-01 16:33:00,73.79,122,30
TR404,V310,R439,S376,S186,T142,2023-10-01 06:40:00,2023-10-01 12:48:00,56.0,86,30
TR405,V424,R443,S408,S138,T233,2023-10-01 11:09:00,2023-10-01 13:04:00,35.84,41,20
TR406,V450,R462,S122,S338,T323,2023-10-01 07:49:00,2023-10-01 13:14:00,64.14,148,0
TR407,V331,R432,S054,S129,T377,2023-10-01 07:25:00,2023-10-01 17:24:00,123.09,200,20
TR408,V487,R306,S461,S401,T263,2023-10-01 11:24:00,2023-10-01 16:12:00,157.3,166,0
TR409,V495,R248,S451,S335,T345,2023-10-01 08:22:00,2023-10-01 15:40:00,66.93,126,30
TR410,V272,R058,S090,S415,T398,2023-10-01 07:13:00,2023-10-01 14:20:00,115.58,49,30
TR411,V181,R139,S373,S396,T038,2023-10-01 09:43:00,2023-10-01 14:56:00,72.46,28,10
TR412,V204,R352,S457,S312,T362,2023-10-01 10:46:00,2023-10-01 15:54:00,23.93,194,20
TR413,V016,R266,S197,S007,T353,2023-10-01 09:46:00,2023-10-01 17:52:00,158.98,97,20
TR414,V059,R373,S387,S064,T162,2023-10-01 10:10:00,2023-10-01 17:16:00,32.24,79,20
TR415,V093,R328,S499,S158,T457,2023-10-01 11:55:00,2023-10-01 14:04:00,161.46,20,30
TR416,V415,R011,S216,S292,T474,2023-10-01 08:08:00,2023-10-01 16:28:00,148.05,107,20
TR417,V166,R076,S473,S339,T020,2023-10-01 11:50:00,2023-10-01 16:51:00,76.51,75,20
TR418,V220,R211,S033,S165,T222,2023-10-01 07:01:00,2023-10-01 15:54:00,173.62,38,15
TR419,V405,R439,S032,S429,T052,2023-10-01 10:45:00,2023-10-01 12:20:00,182.92,170,20
TR420,V096,R113,S314,S136,T478,2023-10-01 09:42:00,2023-10-01 12:39:00,100.25,129,30
TR421,V184,R338,S129,S434,T362,2023-10-01 11:33:00,2023-10-01 14:47:00,179.23,119,5
TR422,V126,R073,S059,S092,T407,2023-10-01 08:58:00,2023-10-01 15:10:00,53.15,159,10
TR423,V038,R183,S020,S228,T267,2023-10-01 07:31:00,2023-10-01 12:19:00,104.3,53,10
TR424,V111,R255,S434,S237,T163,2023-10-01 06:12:00,2023-10-01 13:15:00,102.94,191,5
TR425,V337,R016,S384,S009,T098,2023-10-01 09:07:00,2023-10-01 17:11:00,79.94,187,15
TR426,V191,R126,S038,S226,T431,2023-10-01 09:58:00,2023-10-01 17:26:00,141.98,134,5
TR427,V191,R296,S227,S005,T286,2023-10-01 11:43:00,2023-10-01 12:51:00,146.73,84,10
TR428,V075,R380,S391,S239,T339,2023-10-01 08:57:00,2023-10-01 15:15:00,65.96,67,30
TR429,V400,R357,S192,S019,T429,2023-10-01 09:37:00,2023-10-01 16:22:00,154.58,143,15
TR430,V161,R499,S311,S495,T450,2023-10-01 07:49:00,2023-10-01 12:40:00,24.16,36,15
TR431,V063,R221,S324,S184,T321,2023-10-01 11:15:00,2023-10-01 14:52:00,41.45,32,15
TR432,V005,R185,S431,S246,T019,2023-10-01 10:46:00,2023-10-01 17:26:00,93.94,197,15
TR433,V164,R106,S016,S327,T486,2023-10-01 07:37:00,2023-10-01 14:34:00,91.34,164,0
TR434,V353,R382,S473,S433,T325,2023-10-01 09:15:00,2023-10-01 15:36:00,107.54,163,15
TR435,V006,R046,S090,S285,T322,2023-10-01 09:11:00,2023-10-01 15:25:00,28.65,102,0
TR436,V368,R100,S165,S112,T005,2023-10-01 07:31:00,2023-10-01 12:11:00,115.11,71,15
TR437,V169,R472,S056,S210,T126,2023-10-01 06:05:00,2023-10-01 13:34:00,184.34,180,0
TR438,V110,R489,S358,S030,T071,2023-10-01 07:40:00,2023-10-01 14:11:00,112.21,136,10
TR439,V239,R194,S231,S297,T301,2023-10-01 09:46:00,2023-10-01 17:34:00,22.92,189,20
TR440,V291,R328,S194,S481,T193,2023-10-01 09:04:00,2023-10-01 12:40:00,98.7,120,15
TR441,V408,R056,S069,S041,T447,2023-10-01 10:29:00,2023-10-01 15:41:00,25.78,117,20
TR442,V165,R495,S327,S142,T483,2023-10-01 07:39:00,2023-10-01 12:59:00,110.76,24,15
TR443,V461,R141,S294,S460,T113,2023-10-01 06:02:00,2023-10-01 13:38:00,163.69,173,10
TR444,V120,R450,S285,S313,T345,2023-10-01 11:00:00,2023-10-01 16:52:00,162.22,36,15
TR445,V288,R321,S103,S283,T101,2023-10-01 08:38:00,2023-10-01 14:13:00,108.56,81,10
TR446,V034,R348,S101,S161,T136,2023-10-01 08:48:00,2023-10-01 14:35:00,123.47,195,30
TR447,V198,R279,S130,S489,T241,2023-10-01 06:48:00,2023-10-01 17:15:00,134.19,197,30
TR448,V146,R461,S252,S033,T078,2023-10-01 09:08:00,2023-10-01 16:23:00,152.2,80,0
TR449,V309,R468,S225,S226,T249,2023-10-01 08:09:00,2023-10-01 16:36:00,121.76,74,20
TR450,V109,R231,S348,S093,T417,2023-10-01 10:17:00,2023-10-01 14:04:00,195.36,173,0
TR451,V270,R491,S147,S133,T096,2023-10-01 06:06:00,2023-10-01 17:55:00,160.51,140,5
TR452,V112,R449,S116,S393,T376,2023-10-01 11:10:00,2023-10-01 12:25:00,115.72,94,0
TR453,V053,R270,S104,S403,T255,2023-10-01 08:19:00,2023-10-01 15:11:00,163.75,117,10
TR454,V288,R090,S380,S142,T145,2023-10-01 06:17:00,2023-10-01 16:53:00,172.33,180,20
TR455,V143,R136,S083,S133,T068,2023-10-01 11:31:00,2023-10-01 16:02:00,35.79,74,30
TR456,V367,R467,S223,S445,T102,2023-10-01 08:20:00,2023-10-01 13:50:00,186.05,101,20
TR457,V312,R348,S417,S254,T326,2023-10-01 11:28:00,2023-10-01 15:43:00,129.81,31,20
TR458,V485,R179,S271,S066,T449,2023-10-01 10:05:00,2023-10-01 14:20:00,198.73,13,5
TR459,V453,R455,S415,S117,T046,2023-10-01 09:23:00,2023-10-01 17:52:00,155.34,35,30
TR460,V414,R170,S405,S323,T487,2023-10-01 06:22:00,2023-10-01 13:35:00,158.08,192,10
TR461,V441,R201,S099,S090,T265,2023-10-01 11:56:00,2023-10-01 14:21:00,97.57,134,30
TR462,V344,R302,S045,S076,T439,2023-10-01 12:00:00,2023-10-01 16:16:00,69.84,72,0
TR463,V039,R214,S299,S447,T371,2023-10-01 08:09:00,2023-10-01 17:43:00,101.23,159,20
TR464,V294,R484,S013,S317,T384,2023-10-01 08:20:00,2023-10-01 12:23:00,178.5,136,0
TR465,V458,R142,S323,S336,T110,2023-10-01 11:20:00,2023-10-01 17:09:00,153.01,66,0
TR466,V331,R159,S492,S026,T002,2023-10-01 06:29:00,2023-10-01 15:24:00,137.08,161,10
TR467,V216,R098,S343,S120,T223,2023-10-01 10:52:00,2023-10-01 13:32:00,33.14,121,15
TR468,V350,R022,S050,S059,T035,2023-10-01 06:15:00,2023-10-01 17:47:00,136.61,180,5
TR469,V388,R297,S105,S336,T252,2023-10-01 10:01:00,2023-10-01 14:25:00,81.17,78,10
TR470,V223,R267,S018,S020,T286,2023-10-01 11:11:00,2023-10-01 14:19:00,114.99,36,20
TR471,V163,R360,S415,S095,T313,2023-10-01 11:23:00,2023-10-01 12:02:00,144.67,191,0
TR472,V417,R176,S072,S351,T107,2023-10-01 09:52:00,2023-10-01 15:28:00,167.64,134,30
TR473,V164,R428,S458,S260,T364,2023-10-01 10:11:00,2023-10-01 13:46:00,97.83,153,15
TR474,V102,R314,S003,S441,T092,2023-10-01 07:28:00,2023-10-01 12:09:00,23.87,165,30
TR475,V101,R063,S185,S226,T020,2023-10-01 10:02:00,2023-10-01 15:32:00,123.45,154,20
TR476,V026,R222,S397,S297,T215,2023-10-01 11:31:00,2023-10-01 17:36:00,21.14,106,20
TR477,V411,R408,S209,S163,T353,2023-10-01 10:39:00,2023-10-01 13:06:00,169.08,165,5
TR478,V253,R233,S291,S022,T135,2023-10-01 06:53:00,2023-10-01 14:20:00,23.4,142,20
TR479,V256,R291,S280,S284,T315,2023-10-01 06:19:00,2023-10-01 14:16:00,60.54,180,10
TR480,V024,R496,S443,S368,T195,2023-10-01 09:09:00,2023-10-01 15:56:00,96.89,107,30
TR481,V141,R406,S037,S117,T324,2023-10-01 06:14:00,2023-10-01 17:06:00,66.59,20,30
TR482,V216,R406,S175,S032,T299,2023-10-01 11:13:00,2023-10-01 17:25:00,60.12,164,0
TR483,V062,R178,S095,S488,T121,2023-10-01 07:18:00,2023-10-01 14:42:00,141.42,37,5
TR484,V064,R148,S350,S366,T327,2023-10-01 07:30:00,2023-10-01 12:49:00,78.79,161,0
TR485,V232,R057,S374,S133,T179,2023-10-01 07:07:00,2023-10-01 13:53:00,102.4,174,15
TR486,V088,R497,S491,S500,T248,2023-10-01 06:42:00,2023-10-01 13:55:00,139.77,35,5
TR487,V308,R005,S467,S132,T272,2023-10-01 09:34:00,2023-10-01 12:09:00,158.59,157,5
TR488,V168,R256,S373,S009,T337,2023-10-01 07:01:00,2023-10-01 14:46:00,123.4,34,30
TR489,V303,R475,S329,S348,T489,2023-10-01 06:28:00,2023-10-01 13:53:00,83.84,40,10
TR490,V197,R351,S271,S433,T093,2023-10-01 09:47:00,2023-10-01 12:32:00,178.46,71,0
TR491,V122,R076,S255,S440,T450,2023-10-01 11:26:00,2023-10-01 17:13:00,176.1,102,30
TR492,V296,R239,S098,S435,T154,2023-10-01 06:31:00,2023-10-01 14:27:00,47.47,158,5
TR493,V011,R349,S427,S181,T431,2023-10-01 08:40:00,2023-10-01 17:11:00,159.14,182,15
TR494,V146,R077,S107,S277,T119,2023-10-01 06:49:00,2023-10-01 15:55:00,57.11,191,5
TR495,V010,R268,S293,S368,T449,2023-10-01 10:38:00,2023-10-01 17:01:00,52.69,164,20
TR496,V330,R495,S424,S023,T150,2023-10-01 08:22:00,2023-10-01 15:35:00,24.72,117,30
TR497,V402,R149,S243,S308,T343,2023-10-01 07:39:00,2023-10-01 17:25:00,128.35,110,20
TR498,V439,R320,S257,S121,T249,2023-10-01 11:35:00,2023-10-01 17:04:00,172.05,193,0
TR499,V295,R286,S181,S180,T251,2023-10-01 11:14:00,2023-10-01 14:48:00,160.3,200,0
TR500,V003,R341,S183,S056,T408,2023-10-01 06:08:00,2023-10-01 16:37:00,117.21,20,15
